timeStamp,elapsed,label,responseCode,responseMessage,threadName,dataType,success,failureMessage,bytes,sentBytes,grpThreads,allThreads,URL,Latency,IdleTime,Connect
1688653236103,11357,HTTP Request,Non HTTP response code: java.net.UnknownHostException,Non HTTP response message: demoqa.com,Thread Group 1-10,text,false,,2243,0,10,10,http://demoqa.com/BookStore/v1/Book?ISBN=9781449325862,0,0,11356
1688653235790,11670,HTTP Request,Non HTTP response code: java.net.UnknownHostException,Non HTTP response message: demoqa.com,Thread Group 1-7,text,false,,2243,0,10,10,http://demoqa.com/BookStore/v1/Book?ISBN=9781449325862,0,0,11670
1688653235356,12101,HTTP Request,Non HTTP response code: java.net.UnknownHostException,Non HTTP response message: No such host is known (demoqa.com),Thread Group 1-1,text,false,,2523,0,10,10,http://demoqa.com/BookStore/v1/Book?ISBN=9781449325862,0,0,12100
1688653235891,11569,HTTP Request,Non HTTP response code: java.net.UnknownHostException,Non HTTP response message: demoqa.com,Thread Group 1-8,text,false,,2243,0,10,10,http://demoqa.com/BookStore/v1/Book?ISBN=9781449325862,0,0,11569
1688653235492,11968,HTTP Request,Non HTTP response code: java.net.UnknownHostException,Non HTTP response message: demoqa.com,Thread Group 1-4,text,false,,2243,0,10,10,http://demoqa.com/BookStore/v1/Book?ISBN=9781449325862,0,0,11968
1688653235591,11869,HTTP Request,Non HTTP response code: java.net.UnknownHostException,Non HTTP response message: demoqa.com,Thread Group 1-5,text,false,,2243,0,10,10,http://demoqa.com/BookStore/v1/Book?ISBN=9781449325862,0,0,11869
1688653235992,11468,HTTP Request,Non HTTP response code: java.net.UnknownHostException,Non HTTP response message: demoqa.com,Thread Group 1-9,text,false,,2243,0,10,10,http://demoqa.com/BookStore/v1/Book?ISBN=9781449325862,0,0,11467
1688653235403,12057,HTTP Request,Non HTTP response code: java.net.UnknownHostException,Non HTTP response message: demoqa.com,Thread Group 1-3,text,false,,2243,0,10,10,http://demoqa.com/BookStore/v1/Book?ISBN=9781449325862,0,0,12057
1688653235691,11769,HTTP Request,Non HTTP response code: java.net.UnknownHostException,Non HTTP response message: demoqa.com,Thread Group 1-6,text,false,,2243,0,10,10,http://demoqa.com/BookStore/v1/Book?ISBN=9781449325862,0,0,11769
1688653235359,12101,HTTP Request,Non HTTP response code: java.net.UnknownHostException,Non HTTP response message: demoqa.com,Thread Group 1-2,text,false,,2243,0,10,10,http://demoqa.com/BookStore/v1/Book?ISBN=9781449325862,0,0,12101
1688653252480,0,HTTP Request,Non HTTP response code: java.net.UnknownHostException,Non HTTP response message: demoqa.com,Thread Group 1-4,text,false,,2159,0,10,10,http://demoqa.com/BookStore/v1/Book?ISBN=9781449325862,0,0,0
1688653252479,1,HTTP Request,Non HTTP response code: java.net.UnknownHostException,Non HTTP response message: demoqa.com,Thread Group 1-3,text,false,,2159,0,10,10,http://demoqa.com/BookStore/v1/Book?ISBN=9781449325862,0,0,1
1688653252479,1,HTTP Request,Non HTTP response code: java.net.UnknownHostException,Non HTTP response message: demoqa.com,Thread Group 1-2,text,false,,2159,0,10,10,http://demoqa.com/BookStore/v1/Book?ISBN=9781449325862,0,0,1
1688653252479,1,HTTP Request,Non HTTP response code: java.net.UnknownHostException,Non HTTP response message: demoqa.com,Thread Group 1-5,text,false,,2159,0,10,10,http://demoqa.com/BookStore/v1/Book?ISBN=9781449325862,0,0,1
1688653252479,1,HTTP Request,Non HTTP response code: java.net.UnknownHostException,Non HTTP response message: demoqa.com,Thread Group 1-10,text,false,,2159,0,10,10,http://demoqa.com/BookStore/v1/Book?ISBN=9781449325862,0,0,1
1688653252479,2,HTTP Request,Non HTTP response code: java.net.UnknownHostException,Non HTTP response message: demoqa.com,Thread Group 1-9,text,false,,2159,0,10,10,http://demoqa.com/BookStore/v1/Book?ISBN=9781449325862,0,0,2
1688653252480,2,HTTP Request,Non HTTP response code: java.net.UnknownHostException,Non HTTP response message: demoqa.com,Thread Group 1-7,text,false,,2159,0,10,10,http://demoqa.com/BookStore/v1/Book?ISBN=9781449325862,0,0,2
1688653252479,3,HTTP Request,Non HTTP response code: java.net.UnknownHostException,Non HTTP response message: demoqa.com,Thread Group 1-8,text,false,,2159,0,10,10,http://demoqa.com/BookStore/v1/Book?ISBN=9781449325862,0,0,3
1688653252481,1,HTTP Request,Non HTTP response code: java.net.UnknownHostException,Non HTTP response message: demoqa.com,Thread Group 1-1,text,false,,2159,0,10,10,http://demoqa.com/BookStore/v1/Book?ISBN=9781449325862,0,0,1
1688653252482,1,HTTP Request,Non HTTP response code: java.net.UnknownHostException,Non HTTP response message: demoqa.com,Thread Group 1-6,text,false,,2159,0,10,10,http://demoqa.com/BookStore/v1/Book?ISBN=9781449325862,0,0,1
1688653258469,12064,HTTP Request,Non HTTP response code: java.net.UnknownHostException,Non HTTP response message: demoqa.com,Thread Group 1-8,text,false,,2243,0,10,10,http://demoqa.com/BookStore/v1/Book?ISBN=9781449325862,0,0,12064
1688653258466,12062,HTTP Request,Non HTTP response code: java.net.UnknownHostException,Non HTTP response message: No such host is known (demoqa.com),Thread Group 1-10,text,false,,2523,0,10,10,http://demoqa.com/BookStore/v1/Book?ISBN=9781449325862,0,0,12062
1688653258469,12066,HTTP Request,Non HTTP response code: java.net.UnknownHostException,Non HTTP response message: demoqa.com,Thread Group 1-1,text,false,,2243,0,10,10,http://demoqa.com/BookStore/v1/Book?ISBN=9781449325862,0,0,12066
1688653258470,12062,HTTP Request,Non HTTP response code: java.net.UnknownHostException,Non HTTP response message: demoqa.com,Thread Group 1-6,text,false,,2243,0,10,10,http://demoqa.com/BookStore/v1/Book?ISBN=9781449325862,0,0,12062
1688653258469,12067,HTTP Request,Non HTTP response code: java.net.UnknownHostException,Non HTTP response message: demoqa.com,Thread Group 1-7,text,false,,2243,0,10,10,http://demoqa.com/BookStore/v1/Book?ISBN=9781449325862,0,0,12067
1688653258469,12068,HTTP Request,Non HTTP response code: java.net.UnknownHostException,Non HTTP response message: demoqa.com,Thread Group 1-9,text,false,,2243,0,10,10,http://demoqa.com/BookStore/v1/Book?ISBN=9781449325862,0,0,12068
1688653258468,12069,HTTP Request,Non HTTP response code: java.net.UnknownHostException,Non HTTP response message: demoqa.com,Thread Group 1-3,text,false,,2243,0,10,10,http://demoqa.com/BookStore/v1/Book?ISBN=9781449325862,0,0,12069
1688653258468,12069,HTTP Request,Non HTTP response code: java.net.UnknownHostException,Non HTTP response message: demoqa.com,Thread Group 1-2,text,false,,2243,0,10,10,http://demoqa.com/BookStore/v1/Book?ISBN=9781449325862,0,0,12069
1688653258467,12071,HTTP Request,Non HTTP response code: java.net.UnknownHostException,Non HTTP response message: demoqa.com,Thread Group 1-4,text,false,,2243,0,10,10,http://demoqa.com/BookStore/v1/Book?ISBN=9781449325862,0,0,12071
1688653258468,12070,HTTP Request,Non HTTP response code: java.net.UnknownHostException,Non HTTP response message: demoqa.com,Thread Group 1-5,text,false,,2243,0,10,10,http://demoqa.com/BookStore/v1/Book?ISBN=9781449325862,0,0,12070
1688653275536,1,HTTP Request,Non HTTP response code: java.net.UnknownHostException,Non HTTP response message: demoqa.com,Thread Group 1-10,text,false,,2159,0,10,10,http://demoqa.com/BookStore/v1/Book?ISBN=9781449325862,0,0,1
1688653275537,0,HTTP Request,Non HTTP response code: java.net.UnknownHostException,Non HTTP response message: demoqa.com,Thread Group 1-1,text,false,,2159,0,10,10,http://demoqa.com/BookStore/v1/Book?ISBN=9781449325862,0,0,0
1688653275536,1,HTTP Request,Non HTTP response code: java.net.UnknownHostException,Non HTTP response message: demoqa.com,Thread Group 1-8,text,false,,2159,0,10,10,http://demoqa.com/BookStore/v1/Book?ISBN=9781449325862,0,0,1
1688653275538,1,HTTP Request,Non HTTP response code: java.net.UnknownHostException,Non HTTP response message: demoqa.com,Thread Group 1-9,text,false,,2159,0,10,10,http://demoqa.com/BookStore/v1/Book?ISBN=9781449325862,0,0,1
1688653275538,1,HTTP Request,Non HTTP response code: java.net.UnknownHostException,Non HTTP response message: demoqa.com,Thread Group 1-6,text,false,,2159,0,10,10,http://demoqa.com/BookStore/v1/Book?ISBN=9781449325862,0,0,0
1688653275538,1,HTTP Request,Non HTTP response code: java.net.UnknownHostException,Non HTTP response message: demoqa.com,Thread Group 1-7,text,false,,2159,0,10,10,http://demoqa.com/BookStore/v1/Book?ISBN=9781449325862,0,0,1
1688653275540,1,HTTP Request,Non HTTP response code: java.net.UnknownHostException,Non HTTP response message: demoqa.com,Thread Group 1-4,text,false,,2159,0,10,10,http://demoqa.com/BookStore/v1/Book?ISBN=9781449325862,0,0,1
1688653275540,1,HTTP Request,Non HTTP response code: java.net.UnknownHostException,Non HTTP response message: demoqa.com,Thread Group 1-5,text,false,,2159,0,10,10,http://demoqa.com/BookStore/v1/Book?ISBN=9781449325862,0,0,1
1688653275540,1,HTTP Request,Non HTTP response code: java.net.UnknownHostException,Non HTTP response message: demoqa.com,Thread Group 1-3,text,false,,2159,0,10,10,http://demoqa.com/BookStore/v1/Book?ISBN=9781449325862,0,0,1
1688653275540,1,HTTP Request,Non HTTP response code: java.net.UnknownHostException,Non HTTP response message: demoqa.com,Thread Group 1-2,text,false,,2159,0,10,10,http://demoqa.com/BookStore/v1/Book?ISBN=9781449325862,0,0,1
1688653281532,12025,HTTP Request,Non HTTP response code: java.net.UnknownHostException,Non HTTP response message: No such host is known (demoqa.com),Thread Group 1-10,text,false,,2523,0,10,10,http://demoqa.com/BookStore/v1/Book?ISBN=9781449325862,0,0,12024
1688653281543,12014,HTTP Request,Non HTTP response code: java.net.UnknownHostException,Non HTTP response message: demoqa.com,Thread Group 1-9,text,false,,2243,0,10,10,http://demoqa.com/BookStore/v1/Book?ISBN=9781449325862,0,0,12013
1688653281545,12012,HTTP Request,Non HTTP response code: java.net.UnknownHostException,Non HTTP response message: demoqa.com,Thread Group 1-6,text,false,,2243,0,10,10,http://demoqa.com/BookStore/v1/Book?ISBN=9781449325862,0,0,12011
1688653281540,12017,HTTP Request,Non HTTP response code: java.net.UnknownHostException,Non HTTP response message: demoqa.com,Thread Group 1-3,text,false,,2243,0,10,10,http://demoqa.com/BookStore/v1/Book?ISBN=9781449325862,0,0,12017
1688653281542,12015,HTTP Request,Non HTTP response code: java.net.UnknownHostException,Non HTTP response message: demoqa.com,Thread Group 1-4,text,false,,2243,0,10,10,http://demoqa.com/BookStore/v1/Book?ISBN=9781449325862,0,0,12015
1688653281542,12015,HTTP Request,Non HTTP response code: java.net.UnknownHostException,Non HTTP response message: demoqa.com,Thread Group 1-7,text,false,,2243,0,10,10,http://demoqa.com/BookStore/v1/Book?ISBN=9781449325862,0,0,12015
1688653281539,12018,HTTP Request,Non HTTP response code: java.net.UnknownHostException,Non HTTP response message: demoqa.com,Thread Group 1-2,text,false,,2243,0,10,10,http://demoqa.com/BookStore/v1/Book?ISBN=9781449325862,0,0,12018
1688653281536,12021,HTTP Request,Non HTTP response code: java.net.UnknownHostException,Non HTTP response message: demoqa.com,Thread Group 1-8,text,false,,2243,0,10,10,http://demoqa.com/BookStore/v1/Book?ISBN=9781449325862,0,0,12021
1688653281539,12018,HTTP Request,Non HTTP response code: java.net.UnknownHostException,Non HTTP response message: demoqa.com,Thread Group 1-5,text,false,,2243,0,10,10,http://demoqa.com/BookStore/v1/Book?ISBN=9781449325862,0,0,12018
1688653281532,12025,HTTP Request,Non HTTP response code: java.net.UnknownHostException,Non HTTP response message: demoqa.com,Thread Group 1-1,text,false,,2243,0,10,10,http://demoqa.com/BookStore/v1/Book?ISBN=9781449325862,0,0,12025
